N	alpha	atom_name	atomic_radius(Ang)	q(0-0)_B3LYP	q(1-1)_B3LYP	q(0-0)_BHHLYP	q(1-1)_BHHLYP	q(0-0)_B65LYP	q(1-1)_B65LYP	q(0-0)_HF-CIS	q(1-1)_HF-CIS	HF-CIS_Diff
0	1	MG	1.185	1.056	1.059	1.111	1.112	1.138	1.14	1.19	1.194	0.004
1	2	CHA	1.8	0.06	0.13	0.026	0.071	0.003	0.048	-0.051	0.004	0.055
2	3	CHB	3.12	-0.359	-0.306	-0.416	-0.36	-0.449	-0.397	-0.55	-0.489	0.061
3	5	CHC	3.12	-0.087	-0.131	-0.078	-0.112	-0.076	-0.103	-0.068	-0.083	-0.015
4	7	CHD	3.12	-0.2	-0.299	-0.155	-0.289	-0.126	-0.28	-0.037	-0.246	-0.209
5	9	NA	1.85	-0.567	-0.551	-0.608	-0.603	-0.634	-0.628	-0.694	-0.68	0.014
6	10	C1A	1.8	0.269	0.289	0.283	0.293	0.297	0.301	0.32	0.31	-0.01
7	11	C2A	3.595	-0.363	-0.361	-0.348	-0.351	-0.345	-0.349	-0.32	-0.326	-0.006
8	13	C3A	3.595	0.359	0.358	0.374	0.375	0.38	0.382	0.39	0.393	0.003
9	15	C4A	1.8	0.43	0.421	0.472	0.457	0.501	0.481	0.573	0.539	-0.034
10	16	CMA	5.76	-0.117	-0.114	-0.121	-0.12	-0.122	-0.121	-0.125	-0.124	0.001
11	20	CAA	4.815	0.181	0.181	0.172	0.173	0.17	0.169	0.161	0.162	0.001
12	23	CBA	4.815	-0.106	-0.105	-0.103	-0.1	-0.102	-0.098	-0.1	-0.098	0.002
13	26	CGA	2	0.689	0.688	0.738	0.735	0.762	0.759	0.819	0.817	-0.002
14	27	O1A	1.7	-0.479	-0.479	-0.511	-0.51	-0.527	-0.525	-0.563	-0.562	0.001
15	28	O2A	1.7	-0.343	-0.343	-0.377	-0.377	-0.394	-0.394	-0.433	-0.433	0
16	29	NB	1.85	-0.482	-0.472	-0.52	-0.501	-0.542	-0.521	-0.594	-0.569	0.025
17	30	C1B	1.8	0.167	0.129	0.224	0.172	0.262	0.202	0.374	0.296	-0.078
18	31	C2B	1.8	0.247	0.217	0.223	0.2	0.209	0.191	0.157	0.147	-0.01
19	32	C3B	1.8	-0.082	-0.107	-0.047	-0.082	-0.029	-0.067	0.036	-0.006	-0.042
20	33	C4B	1.8	0.194	0.222	0.181	0.224	0.175	0.221	0.15	0.199	0.049
21	34	CMB	6.02	-0.089	-0.086	-0.085	-0.081	-0.082	-0.078	-0.071	-0.066	0.005
22	38	CAB	3.34	0.008	0.014	-0.016	-0.009	-0.027	-0.02	-0.065	-0.058	0.007
23	40	CBB	4.6	-0.013	-0.024	0.003	-0.01	0.011	0.002	0.035	0.028	-0.007
24	43	NC	1.85	-0.549	-0.594	-0.556	-0.613	-0.557	-0.618	-0.547	-0.616	-0.069
25	44	C1C	1.8	0.221	0.276	0.223	0.251	0.227	0.246	0.241	0.247	0.006
26	45	C2C	1.8	-0.028	-0.042	-0.03	-0.017	-0.033	-0.016	-0.06	-0.039	0.021
27	46	C3C	1.8	-0.295	-0.314	-0.307	-0.314	-0.312	-0.317	-0.299	-0.304	-0.005
28	47	C4C	1.8	0.419	0.525	0.386	0.525	0.363	0.516	0.28	0.472	0.192
29	48	CMC	2	0.375	0.358	0.396	0.392	0.407	0.404	0.452	0.453	0.001
30	49	OMC	3.02	-0.443	-0.446	-0.461	-0.458	-0.472	-0.467	-0.514	-0.511	0.003
31	51	CAC	4.815	0.174	0.172	0.184	0.183	0.189	0.187	0.192	0.19	-0.002
32	54	CBC	6.02	-0.048	-0.049	-0.052	-0.051	-0.053	-0.052	-0.053	-0.052	0.001
33	58	ND	1.85	-0.574	-0.579	-0.594	-0.621	-0.603	-0.635	-0.613	-0.658	-0.045
34	59	C1D	1.8	0.228	0.307	0.201	0.313	0.179	0.31	0.107	0.288	0.181
35	60	C2D	1.8	0.173	0.124	0.172	0.112	0.176	0.11	0.19	0.112	-0.078
36	61	C3D	1.8	-0.264	-0.269	-0.263	-0.263	-0.265	-0.264	-0.278	-0.279	-0.001
37	62	C4D	1.8	0.2	0.207	0.216	0.227	0.227	0.237	0.263	0.265	0.002
38	63	CMD	6.02	-0.043	-0.042	-0.038	-0.037	-0.035	-0.032	-0.024	-0.02	0.004
39	67	CAD	2	0.701	0.688	0.725	0.721	0.735	0.735	0.763	0.774	0.011
40	68	OBD	1.7	-0.482	-0.49	-0.509	-0.513	-0.523	-0.526	-0.558	-0.56	-0.002
41	69	CBD	3.595	-0.489	-0.519	-0.476	-0.512	-0.468	-0.506	-0.452	-0.502	-0.05
42	71	CGD	2	0.761	0.767	0.809	0.816	0.831	0.839	0.895	0.905	0.01
43	72	O1D	1.7	-0.516	-0.516	-0.547	-0.547	-0.563	-0.563	-0.604	-0.604	0
44	73	O2D	1.7	-0.248	-0.245	-0.282	-0.279	-0.297	-0.294	-0.341	-0.337	0.004
45	74	CED	6.02	0.15	0.146	0.164	0.16	0.169	0.168	0.186	0.186	0
46	78	C1	4.7	0.203	0.205	0.217	0.218	0.225	0.223	0.24	0.241	0.001